Name,Pagerank,In-degree Centrality,Out-degree Centrality,Closeness Centrality,Betweenness Centrality,Eigenvector Centrality
"SV Angel","0.0252142354663","0.385382059801","0.385382059801","0.541083764624","0.0245989201428","0.0430730492254"
"Intel Capital","0.0136629526427","0.395348837209","0.395348837209","0.554280929615","0.0475656695523","0.0430730492254"
"Accel Partners","0.0131053158542","0.358803986711","0.358803986711","0.536220090336","0.0311906642119","0.0430730492254"
"First Round Capital","0.0125380696646","0.305647840532","0.305647840532","0.50447767484","0.00925035007047","0.0430730492254"
"Kleiner Perkins Caufield & Byers","0.0124314369907","0.332225913621","0.332225913621","0.521569268195","0.020693568162","0.0430730492254"
"New Enterprise Associates","0.0123855782368","0.345514950166","0.345514950166","0.529086341905","0.0218668938179","0.0430730492254"
"Andreessen Horowitz","0.0108936122454","0.270764119601","0.270764119601","0.491995752988","0.00822220220555","0.0430730492254"
"Draper Fisher Jurvetson (DFJ)","0.0106893658616","0.345514950166","0.345514950166","0.530262089332","0.0269906299943","0.0430730492254"
"Sequoia Capital","0.0103806511361","0.28073089701","0.28073089701","0.502882908745","0.010772844576","0.0430730492254"
"Greylock Partners","0.0103252431202","0.294019933555","0.294019933555","0.503944963462","0.0103304990129","0.0430730492254"
"Google Ventures","0.00933786799568","0.290697674419","0.290697674419","0.502353558314","0.0120246883732","0.0430730492254"
"Index Ventures","0.00901381419033","0.270764119601","0.270764119601","0.502353558314","0.0239447828154","0.0430730492254"
"Lerer Ventures","0.00880457120747","0.224252491694","0.224252491694","0.477713593993","0.00440238571117","0.0430730492254"
"Bessemer Venture Partners","0.00824564235992","0.313953488372","0.313953488372","0.515373520949","0.0163973807228","0.0430730492254"
"Founder Collective","0.00809349977909","0.230897009967","0.230897009967","0.47915249036","0.00699485367954","0.0430730492254"
"Benchmark","0.00807318947709","0.255813953488","0.255813953488","0.489975236549","0.00669529041162","0.0430730492254"
"Felicis Ventures","0.00794555402577","0.275747508306","0.275747508306","0.495572046105","0.00762263673526","0.0430730492254"
"DAG Ventures","0.0072672343872","0.21926910299","0.21926910299","0.481570010493","0.00690127296751","0.0430730492254"
"General Catalyst Partners","0.00726321283512","0.264119601329","0.264119601329","0.495572046105","0.0141739169047","0.0430730492254"
"Khosla Ventures","0.00710113039317","0.244186046512","0.244186046512","0.491995752988","0.00885721516206","0.0430730492254"
"CrunchFund","0.00699458511573","0.225913621262","0.225913621262","0.478192264929","0.00514828851902","0.0430730492254"
"Battery Ventures","0.00672970392499","0.28073089701","0.28073089701","0.50447767484","0.0115992909948","0.0430730492254"
"Redpoint Ventures","0.00671754877137","0.224252491694","0.224252491694","0.47915249036","0.00475711456117","0.0430730492254"
"Charles River Ventures","0.00666691162081","0.252491694352","0.252491694352","0.487971247851","0.00659884127826","0.0430730492254"
"Menlo Ventures","0.00630066339225","0.270764119601","0.270764119601","0.499723434972","0.00949047864618","0.0430730492254"
"Lightspeed Venture Partners","0.0062629468","0.247508305648","0.247508305648","0.485983584927","0.00685069351825","0.0430730492254"
"RRE Ventures","0.00610198163537","0.234219269103","0.234219269103","0.48303226761","0.0058772711571","0.0430730492254"
"Founders Fund","0.00604989083388","0.220930232558","0.220930232558","0.470183133398","0.00445910898746","0.0430730492254"
"Highland Capital Partners","0.00593844847283","0.255813953488","0.255813953488","0.497639082793","0.0136441088855","0.0430730492254"
"SoftTech VC","0.00593730378217","0.224252491694","0.224252491694","0.478671896087","0.00645476265109","0.0430730492254"
"BoxGroup","0.00585898174513","0.181063122924","0.181063122924","0.455812684239","0.00251789821737","0.0430730492254"
"Atlas Venture","0.00556233028372","0.212624584718","0.212624584718","0.487472809396","0.0152529793172","0.0430730492254"
"Venrock","0.0054317732187","0.224252491694","0.224252491694","0.478671896087","0.00620369897547","0.0430730492254"
"Goldman Sachs","0.00529775981684","0.224252491694","0.224252491694","0.485489196743","0.00940860304979","0.0430730492254"
"InterWest Partners","0.00521226078116","0.234219269103","0.234219269103","0.484012049086","0.00722260175837","0.0430730492254"
"Greycroft Partners","0.00515835519447","0.196013289037","0.196013289037","0.468337468497","0.00981281034838","0.0430730492254"
"Silicon Valley Bank","0.00510576867545","0.257475083056","0.257475083056","0.499200711714","0.0155931307539","0.0430730492254"
"betaworks","0.00507815383431","0.151162790698","0.151162790698","0.449798190762","0.00331986073977","0.0430730492254"
"True Ventures","0.00504481280403","0.187707641196","0.187707641196","0.464689270106","0.00522586526341","0.0430730492254"
"FLOODGATE","0.00497830818727","0.182724252492","0.182724252492","0.45976481734","0.00311874934014","0.0430730492254"
"US Venture Partners","0.00494864840983","0.224252491694","0.224252491694","0.479634050652","0.00608669829371","0.0430730492254"
"Polaris Partners","0.00483813419933","0.200996677741","0.200996677741","0.47438954314","0.00523826965793","0.0430730492254"
"Norwest Venture Partners","0.00479589874798","0.199335548173","0.199335548173","0.466506236949","0.004688783903","0.0430730492254"
"Canaan Partners","0.00468772963991","0.215946843854","0.215946843854","0.477713593993","0.0125721905107","0.0430730492254"
"Crosslink Capital","0.00468679683195","0.21926910299","0.21926910299","0.476759121277","0.00481813305952","0.0430730492254"
"Mayfield Fund","0.00462736056559","0.200996677741","0.200996677741","0.46879752495","0.00698421344498","0.0430730492254"
"Trinity Ventures","0.00457349587428","0.212624584718","0.212624584718","0.473448294046","0.00724472478573","0.0430730492254"
"Foundation Capital","0.00457070932318","0.209302325581","0.209302325581","0.47297906878","0.00717808091913","0.0430730492254"
"SoftBank Capital","0.00437752615416","0.194352159468","0.194352159468","0.470183133398","0.00427017897813","0.0430730492254"
"BDC Venture Capital","0.00422792929437","0.112956810631","0.112956810631","0.44106828133","0.0131450577074","0.0430730492254"
"Institutional Venture Partners","0.00422621317778","0.18438538206","0.18438538206","0.466506236949","0.00207252147753","0.0430730492254"
"Matrix Partners","0.00399688151409","0.196013289037","0.196013289037","0.470646824851","0.00366660812728","0.0430730492254"
"Ignition Partners","0.00397105875969","0.169435215947","0.169435215947","0.460652394207","0.00327755994102","0.0430730492254"
"Shasta Ventures","0.00397013267723","0.177740863787","0.177740863787","0.458439846685","0.00197234142203","0.0430730492254"
"Sigma Partners","0.00390476677343","0.176079734219","0.176079734219","0.461990203677","0.00529206012495","0.0430730492254"
"Spark Capital","0.0038135133732","0.151162790698","0.151162790698","0.450647667987","0.00248631595882","0.0430730492254"
"Union Square Ventures","0.00369152762417","0.15780730897","0.15780730897","0.454943641943","0.00187079640732","0.0430730492254"
"Morgenthaler Ventures","0.00366933657079","0.171096345515","0.171096345515","0.462437868603","0.00250767248233","0.0430730492254"
"Baseline Ventures","0.00364339851605","0.139534883721","0.139534883721","0.446014841494","0.00173426796388","0.0430730492254"
"Oak Investment Partners","0.00362639386601","0.164451827243","0.164451827243","0.457122490803","0.00337856153175","0.0430730492254"
"Data Collective","0.00362333721065","0.141196013289","0.141196013289","0.447688443151","0.0035057796403","0.0430730492254"
"SAP Ventures","0.00362180125763","0.177740863787","0.177740863787","0.471576956916","0.00605425630903","0.0430730492254"
"Jafco Ventures","0.00359993946529","0.166112956811","0.166112956811","0.460208177819","0.00359442967677","0.0430730492254"
"DCM","0.0035325909666","0.179401993355","0.179401993355","0.462886401939","0.00255396193277","0.0430730492254"
"Qualcomm Ventures","0.00350622239471","0.174418604651","0.174418604651","0.465142183624","0.00475543816057","0.0430730492254"
"Meritech Capital Partners","0.00348973066506","0.151162790698","0.151162790698","0.455377748472","0.00149463896864","0.0430730492254"
"Mohr Davidow Ventures","0.00339170169827","0.172757475083","0.172757475083","0.462886401939","0.00426867635501","0.0430730492254"
"Comcast Ventures","0.00333809875134","0.181063122924","0.181063122924","0.466050664452","0.00393247141552","0.0430730492254"
"Cisco","0.00328897327535","0.154485049834","0.154485049834","0.45976481734","0.0050394086396","0.0430730492254"
"Western Technology Investment","0.0032643471273","0.181063122924","0.181063122924","0.460208177819","0.00498509210538","0.0430730492254"
"Balderton Capital","0.00321818531022","0.119601328904","0.119601328904","0.447688443151","0.00666826758992","0.0430730492254"
"3i Group","0.00319559045767","0.112956810631","0.112956810631","0.448529962781","0.0126904768708","0.0430730492254"
"Flybridge Capital Partners","0.00318565757069","0.136212624585","0.136212624585","0.44476782889","0.00725202085346","0.0430730492254"
"Samsung Ventures","0.00315930058201","0.162790697674","0.162790697674","0.466506236949","0.00810115113256","0.0430730492254"
"August Capital","0.00308618525633","0.154485049834","0.154485049834","0.455812684239","0.00195268386519","0.0430730492254"
"Globespan Capital Partners","0.0030856257594","0.137873754153","0.137873754153","0.446014841494","0.00199435259416","0.0430730492254"
"Insight Venture Partners","0.00308143749442","0.146179401993","0.146179401993","0.450222528678","0.00308938453754","0.0430730492254"
"Thrive Capital","0.00307960799073","0.121262458472","0.121262458472","0.437831082935","0.000973880976222","0.0430730492254"
"Start Fund","0.00307274835668","0.107973421927","0.107973421927","0.431497179384","0.000695600854355","0.0430730492254"
"North Bridge Venture Partners","0.00306203920985","0.141196013289","0.141196013289","0.453215460967","0.00159068488105","0.0430730492254"
"Scale Venture Partners","0.0030303034655","0.164451827243","0.164451827243","0.458880654229","0.00254380362571","0.0430730492254"
"Sutter Hill Ventures","0.0029199850054","0.147840531561","0.147840531561","0.452785465274","0.00116852751899","0.0430730492254"
"VantagePoint Capital Partners","0.00291861948657","0.146179401993","0.146179401993","0.455812684239","0.00471406456174","0.0430730492254"
"Wellington Partners","0.00279120449108","0.114617940199","0.114617940199","0.44685007528","0.0082571665305","0.0430730492254"
"Foundry Group","0.002755420607","0.136212624585","0.136212624585","0.445598394397","0.00148934945578","0.0430730492254"
"OrbiMed Advisors","0.00274357951824","0.111295681063","0.111295681063","0.438635919484","0.00213778322074","0.0430730492254"
"Webb Investment Network","0.00272705902899","0.13122923588","0.13122923588","0.441885074443","0.00068863388783","0.0430730492254"
"Alta Partners","0.0027260095958","0.102990033223","0.102990033223","0.434641056829","0.00503623678401","0.0430730492254"
"Lowercase Capital","0.00270623730397","0.124584717608","0.124584717608","0.435831854245","0.000986738664455","0.0430730492254"
"DFJ Growth","0.00269371468392","0.117940199336","0.117940199336","0.441476300091","0.000570299397138","0.0430730492254"
"Austin Ventures","0.00269103419706","0.134551495017","0.134551495017","0.448529962781","0.00282783526213","0.0430730492254"
"Bay Partners","0.00268491382032","0.139534883721","0.139534883721","0.447688443151","0.00118048951073","0.0430730492254"
"Investor Growth Capital","0.00268172166756","0.136212624585","0.136212624585","0.451073610963","0.00409617916043","0.0430730492254"
"IA Ventures","0.00266902367356","0.126245847176","0.126245847176","0.439848737695","0.00120343550476","0.0430730492254"
"Tenaya Capital","0.00263425390567","0.129568106312","0.129568106312","0.44476782889","0.00134771643311","0.0430730492254"
"Amadeus Capital Partners","0.00258015878716","0.0980066445183","0.0980066445183","0.441476300091","0.00647061695382","0.0430730492254"
"Rho Capital Partners","0.00255105928303","0.124584717608","0.124584717608","0.445182724252","0.00644643510227","0.0430730492254"
"GGV Capital","0.00254789111938","0.137873754153","0.137873754153","0.453215460967","0.00141505918195","0.0430730492254"
"iNovia Capital","0.00253389990497","0.112956810631","0.112956810631","0.44106828133","0.00441784271174","0.0430730492254"
"DFJ Esprit","0.00252423566093","0.0830564784053","0.0830564784053","0.434245569062","0.00576391135228","0.0430730492254"
"Social Starts","0.0025143676687","0.127906976744","0.127906976744","0.441885074443","0.00411578981366","0.0430730492254"
"Emergence Capital Partners","0.00249156193393","0.136212624585","0.136212624585","0.444353706144","0.0025521401152","0.0430730492254"
"Domain Associates","0.00249027714511","0.0714285714286","0.0714285714286","0.412476992566","0.00169627538916","0.0430730492254"
"Bain Capital Ventures","0.00245661652518","0.126245847176","0.126245847176","0.441476300091","0.0022576972433","0.0430730492254"
"e.ventures","0.00244810494583","0.0996677740864","0.0996677740864","0.439848737695","0.00296478617062","0.0430730492254"
"Adams Street Partners","0.00244704051628","0.13122923588","0.13122923588","0.446432067726","0.00296490192645","0.0430730492254"
"T-Venture","0.00241612613279","0.109634551495","0.109634551495","0.442294606486","0.00594607333183","0.0430730492254"
"Fidelity Ventures","0.00240960322734","0.116279069767","0.116279069767","0.442294606486","0.00268346099074","0.0430730492254"
"Northgate Capital","0.00239171762493","0.106312292359","0.106312292359","0.437831082935","0.00104251525472","0.0430730492254"
"ARCH Venture Partners","0.0023837870869","0.0813953488372","0.0813953488372","0.418627965262","0.000736167821146","0.0430730492254"
"Freestyle Capital","0.00238270944648","0.112956810631","0.112956810631","0.437429771218","0.000797434766755","0.0430730492254"
"Kapor Capital","0.00237536697432","0.124584717608","0.124584717608","0.437429771218","0.00401311331747","0.0430730492254"
"Siemer Ventures","0.00236787003514","0.106312292359","0.106312292359","0.429168957193","0.00280386678078","0.0430730492254"
"Red Swan","0.00235726480677","0.101328903654","0.101328903654","0.424965165092","0.000758894411354","0.0430730492254"
"In-Q-Tel","0.00234916054139","0.12292358804","0.12292358804","0.445598394397","0.00187379080098","0.0430730492254"
"Enterprise Ireland","0.00232120298603","0.0398671096346","0.0398671096346","0.405812823468","0.0014222238393","0.0430730492254"
"Versant Ventures","0.00231443913567","0.0730897009967","0.0730897009967","0.421214369284","0.000570940190875","0.0430730492254"
"Alloy Ventures","0.00230645450894","0.102990033223","0.102990033223","0.432670789119","0.00230707029792","0.0430730492254"
"Advanced Technology Ventures","0.00229455284774","0.116279069767","0.116279069767","0.437831082935","0.00194031981125","0.0430730492254"
"Flagship Ventures","0.00227244687007","0.0980066445183","0.0980066445183","0.437029194504","0.000995865014367","0.0430730492254"
"IDG Ventures","0.00225557689727","0.121262458472","0.121262458472","0.443115952088","0.00218796430619","0.0430730492254"
"ff Venture Capital","0.00224563546013","0.107973421927","0.107973421927","0.429168957193","0.00197577156289","0.0430730492254"
"New Leaf Venture Partners","0.00222985270268","0.0946843853821","0.0946843853821","0.436230238024","0.00253263445851","0.0430730492254"
"Metamorphic Ventures","0.00219651427663","0.116279069767","0.116279069767","0.437429771218","0.00138684186559","0.0430730492254"
"LaunchCapital","0.00217388308796","0.0963455149502","0.0963455149502","0.43306341234","0.00372285248321","0.0430730492254"
"Granite Ventures","0.00216911238157","0.107973421927","0.107973421927","0.433456748773","0.00168119098498","0.0430730492254"
"Sierra Ventures","0.00216029610419","0.121262458472","0.121262458472","0.443527769887","0.00232737602898","0.0430730492254"
"MPM Capital","0.00215450549939","0.0714285714286","0.0714285714286","0.412120794818","0.0011784609172","0.0430730492254"
"Focus Ventures","0.00214074201854","0.101328903654","0.101328903654","0.430329919205","0.000322515512178","0.0430730492254"
"Sofinnova Ventures","0.00213444473065","0.093023255814","0.093023255814","0.430329919205","0.00341196357532","0.0430730492254"
"Trident Capital","0.00213404299012","0.111295681063","0.111295681063","0.440661016065","0.00141195710929","0.0430730492254"
"Relay Ventures","0.00212546947858","0.121262458472","0.121262458472","0.443940353859","0.00144345260456","0.0430730492254"
"Avalon Ventures","0.00212149708089","0.107973421927","0.107973421927","0.439848737695","0.00377633927361","0.0430730492254"
"Scottish Equity Partners","0.00211730247952","0.0581395348837","0.0581395348837","0.417894816461","0.00853605652947","0.0430730492254"
"Pitango Venture Capital","0.00206975826908","0.0813953488372","0.0813953488372","0.427630717203","0.000680844705632","0.0430730492254"
"Hummer Winblad Venture Partners","0.00206180628963","0.112956810631","0.112956810631","0.433850800362","0.000685414516896","0.0430730492254"
"Harrison Metal Capital","0.00204243823114","0.093023255814","0.093023255814","0.428783360646","0.000201347335263","0.0430730492254"
"Quotidian Ventures","0.00204210981855","0.0830564784053","0.0830564784053","0.411765211733","0.00416337866054","0.0430730492254"
"Madrona Venture Group","0.0020343563586","0.0963455149502","0.0963455149502","0.431107389701","0.00420175936644","0.0430730492254"
"Columbia Capital","0.00202826472754","0.107973421927","0.107973421927","0.433456748773","0.000803233715626","0.0430730492254"
"AOL Ventures","0.00202333618958","0.101328903654","0.101328903654","0.43306341234","0.000454666958156","0.0430730492254"
"Upfront Ventures","0.00201842592606","0.114617940199","0.114617940199","0.438233131679","0.00111827771305","0.0430730492254"
"Lightbank","0.00200354294992","0.109634551495","0.109634551495","0.435831854245","0.00131416074495","0.0430730492254"
"Harris & Harris Group","0.00196916440853","0.0897009966777","0.0897009966777","0.430718303609","0.00176302414702","0.0430730492254"
"Siemens Venture Capital","0.00196023588026","0.101328903654","0.101328903654","0.434641056829","0.0022321347436","0.0430730492254"
"Atomico","0.00195495683818","0.0980066445183","0.0980066445183","0.437429771218","0.000632390840351","0.0430730492254"
"O'Reilly AlphaTech Ventures","0.00192588137949","0.101328903654","0.101328903654","0.43306341234","0.000622942852128","0.0430730492254"
"Blumberg Capital","0.00192394422275","0.0980066445183","0.0980066445183","0.428783360646","0.00331924642498","0.0430730492254"
"FirstMark Capital","0.00191601054615","0.0946843853821","0.0946843853821","0.42801424251","0.000976694977656","0.0430730492254"
"Kima Ventures","0.00191455408617","0.0830564784053","0.0830564784053","0.42801424251","0.00516029230813","0.0430730492254"
"Partech Ventures","0.00190574569753","0.0880398671096","0.0880398671096","0.433850800362","0.00129182892342","0.0430730492254"
"Correlation Ventures","0.00189762762534","0.107973421927","0.107973421927","0.431887674569","0.000950523774758","0.0430730492254"
"Carmel Ventures","0.00189034273146","0.0697674418605","0.0697674418605","0.420842928041","0.000892539413923","0.0430730492254"
"BlueRun Ventures","0.00188946159462","0.0913621262458","0.0913621262458","0.432670789119","0.000510116045203","0.0430730492254"
"Rustic Canyon Partners","0.00188392372826","0.101328903654","0.101328903654","0.435434197444","0.00190107110718","0.0430730492254"
"Johnson & Johnson Development Corporation","0.00186338411913","0.0747508305648","0.0747508305648","0.42195922228","0.00314165820643","0.0430730492254"
"Promus Ventures","0.00184898677876","0.0863787375415","0.0863787375415","0.424209671465","0.00154811931476","0.0430730492254"
"QED Investors","0.00184672528665","0.102990033223","0.102990033223","0.431107389701","0.000951117991849","0.0430730492254"
"Anthem Venture Partners","0.00182595863006","0.104651162791","0.104651162791","0.434641056829","0.0011480198257","0.0430730492254"
"Highgrowth Partners","0.00182282172803","0.00166112956811","0.00166112956811","0.00166112956811","0.0","0.0430730492254"
"Talde venture capital","0.00182282172803","0.00166112956811","0.00166112956811","0.00166112956811","0.0","0.0430730492254"
"Presidio Ventures","0.00176739307664","0.101328903654","0.101328903654","0.432670789119","0.000468264530369","0.0430730492254"
"Social Leverage","0.00176715164291","0.0980066445183","0.0980066445183","0.423832931082","0.000672388226783","0.0430730492254"
"Quest Venture Partners","0.00175496908281","0.0830564784053","0.0830564784053","0.424965165092","0.00339729355646","0.0430730492254"
"Triangle Peak Partners","0.00175274846943","0.101328903654","0.101328903654","0.435434197444","0.000746147306364","0.0430730492254"
"Village Ventures","0.00174436968142","0.0830564784053","0.0830564784053","0.422706714259","0.000815000366153","0.0430730492254"
"El Dorado Ventures","0.00174372594113","0.0946843853821","0.0946843853821","0.429168957193","0.00049135744423","0.0430730492254"
"Transmedia Capital","0.00173890926202","0.0847176079734","0.0847176079734","0.427247878602","0.000613709555284","0.0430730492254"
"Frazier Healthcare Ventures","0.00173736159132","0.0598006644518","0.0598006644518","0.411765211733","0.000287287710071","0.0430730492254"
"Maveron","0.00173309933576","0.104651162791","0.104651162791","0.42801424251","0.000529417102713","0.0430730492254"
"Sevin Rosen Funds","0.00173102554328","0.0847176079734","0.0847176079734","0.421586466783","0.00158630020262","0.0430730492254"
"Vulcan Capital","0.00171825561646","0.0946843853821","0.0946843853821","0.435831854245","0.000726717386407","0.0430730492254"
"Collaborative Fund","0.00171070493174","0.0913621262458","0.0913621262458","0.421586466783","0.000429655506572","0.0430730492254"
"Great Oaks Venture Capital","0.00170950027266","0.0897009966777","0.0897009966777","0.419363691036","0.00104321654261","0.0430730492254"
"Accelerator Ventures","0.00170528314531","0.0963455149502","0.0963455149502","0.421586466783","0.000844291294106","0.0430730492254"
"Star Ventures","0.00170064736063","0.0847176079734","0.0847176079734","0.425723354504","0.000954941777817","0.0430730492254"
"Gimv","0.00169325565276","0.0697674418605","0.0697674418605","0.418995505179","0.0034051460764","0.0430730492254"
"New Atlantic Ventures","0.00167531920213","0.0714285714286","0.0714285714286","0.417529204198","0.00346129262973","0.0430730492254"
"DN Capital","0.00165686145339","0.0764119601329","0.0764119601329","0.428783360646","0.0043774108713","0.0430730492254"
"Valhalla Partners","0.00163692662499","0.0897009966777","0.0897009966777","0.427630717203","0.00143171041181","0.0430730492254"
"Omidyar Network","0.00163155429224","0.093023255814","0.093023255814","0.432278877173","0.00047988141505","0.0430730492254"
"GrowthWorks Capital","0.00161825803068","0.046511627907","0.046511627907","0.397034842262","0.00123311905498","0.0430730492254"
"BOLDstart Ventures","0.00161256773854","0.0863787375415","0.0863787375415","0.422332637521","0.000577932042519","0.0430730492254"
"Lux Capital","0.00160722349353","0.0813953488372","0.0813953488372","0.428398456372","0.000342553435361","0.0430730492254"
"Glynn Capital Management","0.00160224039316","0.0863787375415","0.0863787375415","0.428783360646","0.000463883847201","0.0430730492254"
"Delphi Ventures","0.00159254323043","0.0581395348837","0.0581395348837","0.402730700758","0.000448473436523","0.0430730492254"
"Panorama Capital","0.00159181144478","0.0797342192691","0.0797342192691","0.426865724865","0.0007579227392","0.0430730492254"
"Advent Venture Partners","0.00158497599748","0.0681063122924","0.0681063122924","0.426484254154","0.00264312820173","0.0430730492254"
"Neu Venture Capital","0.00158211555844","0.0797342192691","0.0797342192691","0.413907962184","0.000624051390162","0.0430730492254"
"Tiger Global Management","0.0015813062882","0.0797342192691","0.0797342192691","0.42195922228","0.000160724158319","0.0430730492254"
"Bullpen Capital","0.00157445325654","0.0863787375415","0.0863787375415","0.418627965262","0.000346345151828","0.0430730492254"
"TomorrowVentures","0.00157123415712","0.0913621262458","0.0913621262458","0.426865724865","0.000318557861894","0.0430730492254"
"Ludlow Ventures","0.00156549209831","0.0548172757475","0.0548172757475","0.40512383735","0.00550809287256","0.0430730492254"
"Vertex Venture Capital","0.00152878326633","0.0747508305648","0.0747508305648","0.423832931082","0.000980461367842","0.0430730492254"
"SV Life Sciences","0.00151726722469","0.0548172757475","0.0548172757475","0.411055883203","0.000443546216414","0.0430730492254"
"Ventech","0.00151454728647","0.0448504983389","0.0448504983389","0.406504157069","0.0045820573049","0.0430730492254"
"Octopus","0.00149553098457","0.031561461794","0.031561461794","0.393758977227","0.00884525213569","0.0430730492254"
"Double M Partners","0.0014872584922","0.0548172757475","0.0548172757475","0.398028257213","0.000679799790544","0.0430730492254"
"NextView Ventures","0.00148016358062","0.0681063122924","0.0681063122924","0.417529204198","0.000164552650226","0.0430730492254"
"Founder's Co-op","0.00147955840564","0.0847176079734","0.0847176079734","0.425723354504","0.000500094132493","0.0430730492254"
"Rothenberg Ventures","0.00147738877525","0.078073089701","0.078073089701","0.419363691036","0.000356251927312","0.0430730492254"
"Steamboat Ventures","0.0014735317148","0.0764119601329","0.0764119601329","0.417894816461","0.000258288565801","0.0430730492254"
"Baroda Ventures","0.00146627714043","0.063122923588","0.063122923588","0.407545585311","0.000514610094375","0.0430730492254"
"Technology Crossover Ventures","0.00146551333784","0.0813953488372","0.0813953488372","0.428398456372","0.000423959400464","0.0430730492254"
"Gemini Israel Ventures","0.001464377159","0.0564784053156","0.0564784053156","0.410348994324","0.000520302749063","0.0430730492254"
"FundersClub","0.00146107574819","0.0764119601329","0.0764119601329","0.422332637521","0.000427803865486","0.0430730492254"
"DFJ Gotham Ventures","0.00145431776508","0.0730897009967","0.0730897009967","0.414987722086","0.000332188009818","0.0430730492254"
"Innovacom","0.00145324582597","0.0664451827243","0.0664451827243","0.416073130252","0.00103310102091","0.0430730492254"
"Rembrandt Venture Partners","0.00145136968015","0.078073089701","0.078073089701","0.418261069587","0.000569805304948","0.0430730492254"
"Split Rock Partners","0.00143421561014","0.0681063122924","0.0681063122924","0.417894816461","0.000359009103438","0.0430730492254"
"Nexus Venture Partners","0.00142616625476","0.0681063122924","0.0681063122924","0.423081454254","0.00020838015543","0.0430730492254"
"Earlybird Venture Capital","0.00140836018039","0.0514950166113","0.0514950166113","0.415348895038","0.00169806485055","0.0430730492254"
"Storm Ventures","0.00140662165246","0.0647840531561","0.0647840531561","0.418627965262","0.000153142239566","0.0430730492254"
"IDInvest Partners","0.00140648442276","0.0548172757475","0.0548172757475","0.417164231118","0.000928966183906","0.0430730492254"
"ONSET Ventures","0.00140069677481","0.078073089701","0.078073089701","0.424209671465","0.000750645548361","0.0430730492254"
"High Peaks Venture Partners","0.00139179407671","0.0747508305648","0.0747508305648","0.417529204198","0.000445252017837","0.0430730492254"
"Ventures West","0.00137865453126","0.046511627907","0.046511627907","0.391819277831","0.00133132039453","0.0430730492254"
"Azure Capital Partners","0.00137680448855","0.0714285714286","0.0714285714286","0.426103464642","0.000779586613098","0.0430730492254"
"TVM Capital","0.00137383216697","0.0548172757475","0.0548172757475","0.414987722086","0.00161792148005","0.0430730492254"
"Kodiak Venture Partners","0.00137233364525","0.0714285714286","0.0714285714286","0.423832931082","0.000701696662517","0.0430730492254"
"Mission Ventures","0.00135690873182","0.0647840531561","0.0647840531561","0.417529204198","0.000840508057406","0.0430730492254"
"OMERS Ventures","0.00135414981168","0.0498338870432","0.0498338870432","0.408942485346","0.00385403129909","0.0430730492254"
"Amicus Capital","0.00134986928322","0.0647840531561","0.0647840531561","0.414627176715","0.000421242171923","0.0430730492254"
"EnerTech Capital","0.0013475565047","0.0348837209302","0.0348837209302","0.399360569371","0.0044197782661","0.0430730492254"
"Nokia Growth Partners","0.00134452698421","0.0664451827243","0.0664451827243","0.414987722086","0.000319825446751","0.0430730492254"
"ATA Ventures","0.00134227176187","0.0598006644518","0.0598006644518","0.410348994324","0.00025436502734","0.0430730492254"
"Opus Capital","0.00133914096321","0.0697674418605","0.0697674418605","0.412476992566","0.000672675292256","0.0430730492254"
"Apax Partners","0.00132914056163","0.0598006644518","0.0598006644518","0.421214369284","0.000677205885044","0.0430730492254"
"GSV Capital","0.00132710068653","0.0714285714286","0.0714285714286","0.422332637521","0.000233085177801","0.0430730492254"
"Rincon Venture Partners","0.00131916394886","0.0598006644518","0.0598006644518","0.403411564158","0.00182631077822","0.0430730492254"
"Midven","0.00131363152867","0.014950166113","0.014950166113","0.289409266464","0.000183557707634","0.0430730492254"
"A-Grade Investments","0.0013131657725","0.0647840531561","0.0647840531561","0.413549289774","0.000683508668585","0.0430730492254"
"Learn Capital","0.00131195541168","0.0714285714286","0.0714285714286","0.413907962184","0.000666530819002","0.0430730492254"
"Forerunner Ventures","0.00131193914726","0.063122923588","0.063122923588","0.411765211733","0.000132700471024","0.0430730492254"
"Miramar Venture Partners","0.00130194682587","0.0681063122924","0.0681063122924","0.42047214132","0.00114832333982","0.0430730492254"
"Osage University Partners","0.00130185925603","0.0581395348837","0.0581395348837","0.408592363355","0.000437021988358","0.0430730492254"
"Northzone","0.00130043363245","0.0431893687708","0.0431893687708","0.411410241723","0.00319887499029","0.0430730492254"
"Point Nine Capital","0.00127703823744","0.063122923588","0.063122923588","0.41643619581","0.0011830590931","0.0430730492254"
"Crosscut Ventures","0.00127558321214","0.0481727574751","0.0481727574751","0.400365671475","0.000219778214961","0.0430730492254"
"Longworth Venture Partners","0.00127318741909","0.0664451827243","0.0664451827243","0.412120794818","0.000803560809799","0.0430730492254"
"MMC Ventures","0.00127286670178","0.0215946843854","0.0215946843854","0.376666046092","0.00626454551083","0.0430730492254"
"High Line Venture Partners","0.00126987656816","0.0548172757475","0.0548172757475","0.402391130184","9.65285961896e-05","0.0430730492254"
"Clearstone Venture Partners","0.00126556660841","0.0730897009967","0.0730897009967","0.422332637521","0.000707970872784","0.0430730492254"
"Jerusalem Venture Partners","0.00125914709593","0.0614617940199","0.0614617940199","0.412476992566","0.00096937361682","0.0430730492254"
"Target Partners","0.00125855074455","0.0166112956811","0.0166112956811","0.362917019315","0.00607896394475","0.0430730492254"
"Oxford Capital Partners","0.0012571125447","0.0232558139535","0.0232558139535","0.363469825132","0.00200285530156","0.0430730492254"
"Mangrove Capital Partners","0.0012323282569","0.0581395348837","0.0581395348837","0.421214369284","0.000796996594026","0.0430730492254"
"Genesis Partners","0.00123054696034","0.0531561461794","0.0531561461794","0.416073130252","0.000241970889135","0.0430730492254"
"Abingworth","0.0012302197485","0.0531561461794","0.0531561461794","0.401375845583","0.00030368115113","0.0430730492254"
"Summerhill Venture Partners","0.00122404953804","0.0531561461794","0.0531561461794","0.408592363355","0.000990140246846","0.0430730492254"
"OVP Venture Partners","0.00121463547664","0.0598006644518","0.0598006644518","0.417894816461","0.000546456700857","0.0430730492254"
"Cipio Partners","0.00121320079633","0.0564784053156","0.0564784053156","0.413907962184","0.000451684266592","0.0430730492254"
"Javelin Venture Partners","0.00118863099276","0.0714285714286","0.0714285714286","0.408942485346","0.000403114693604","0.0430730492254"
"Spark Ventures","0.00118738395719","0.046511627907","0.046511627907","0.41319123844","0.00482429994395","0.0430730492254"
"Signia Venture Partners","0.00118714488376","0.0697674418605","0.0697674418605","0.411055883203","0.000334696488317","0.0430730492254"
"ACT Venture Capital","0.00118329974177","0.0348837209302","0.0348837209302","0.404094733614","0.000514630113683","0.0430730492254"
"Novak Biddle Venture Partners","0.00117674199828","0.0581395348837","0.0581395348837","0.413907962184","0.000384527155651","0.0430730492254"
"MESA+","0.00116597155554","0.0614617940199","0.0614617940199","0.407545585311","0.000199419553368","0.0430730492254"
"Resolute.vc","0.00115062093552","0.0614617940199","0.0614617940199","0.409293207889","0.000244466760777","0.0430730492254"
"Palomar Ventures","0.00114554138003","0.0598006644518","0.0598006644518","0.412120794818","0.000313981668156","0.0430730492254"
"Real Ventures","0.00114478904583","0.0514950166113","0.0514950166113","0.397034842262","0.000327031154344","0.0430730492254"
"GrandBanks Capital","0.00113839466008","0.0581395348837","0.0581395348837","0.417529204198","0.000300416042003","0.0430730492254"
"MHS Capital","0.00113614235309","0.0664451827243","0.0664451827243","0.411055883203","0.00026151269421","0.0430730492254"
"DFJ Frontier","0.00113180111781","0.0581395348837","0.0581395348837","0.407545585311","0.000647995387961","0.0430730492254"
"Albion Ventures","0.00113083490162","0.0166112956811","0.0166112956811","0.333498169391","0.000540914867729","0.0430730492254"
"IP Group Plc","0.00112571164955","0.00830564784053","0.00830564784053","0.291352796336","0.000180385527773","0.0430730492254"
"OCA Ventures","0.00112457746192","0.0448504983389","0.0448504983389","0.402391130184","0.00161778023104","0.0430730492254"
"Sunstone Capital","0.00112049807062","0.0365448504983","0.0365448504983","0.403070844931","0.00181092932289","0.0430730492254"
"Alsop Louie Partners","0.00111508900357","0.0548172757475","0.0548172757475","0.404094733614","0.00301767361662","0.0430730492254"
"The Westly Group","0.00111173554528","0.0431893687708","0.0431893687708","0.402391130184","0.00128718447317","0.0430730492254"
"StarVest Partners","0.00110894823172","0.0681063122924","0.0681063122924","0.41643619581","0.000464410206754","0.0430730492254"
"Eden Ventures","0.00109403551721","0.0365448504983","0.0365448504983","0.410348994324","0.00224071968262","0.0430730492254"
"AME Cloud Ventures","0.00107963244826","0.063122923588","0.063122923588","0.412476992566","0.000272109578711","0.0430730492254"
"Voyager Capital","0.00107393803592","0.0531561461794","0.0531561461794","0.403411564158","0.000106961155202","0.0430730492254"
"Connecticut Innovations","0.00107108116571","0.0249169435216","0.0249169435216","0.37785897102","0.000709739610929","0.0430730492254"
"Helion Venture Partners","0.00107016532836","0.0448504983389","0.0448504983389","0.408242840375","0.000365106647151","0.0430730492254"
"Mercury Fund","0.00106698684835","0.0431893687708","0.0431893687708","0.396375315946","0.00274303923583","0.0430730492254"
"JMI Equity","0.00106605182326","0.0415282392027","0.0415282392027","0.402391130184","0.0029850598488","0.0430730492254"
"Updata Partners","0.00106440171756","0.0398671096346","0.0398671096346","0.394736046649","0.000495368567142","0.0430730492254"
"RockPort Capital Partners","0.00105935492205","0.0548172757475","0.0548172757475","0.412120794818","0.000184470518877","0.0430730492254"
"Third Rock Ventures","0.0010588321145","0.0398671096346","0.0398671096346","0.400701830729","0.000166846388614","0.0430730492254"
"Notion Capital","0.00105070523579","0.031561461794","0.031561461794","0.392786732838","0.00194871782491","0.0430730492254"
"Southern Cross Venture Partners","0.00104956565787","0.0398671096346","0.0398671096346","0.401038554957","0.00314472121567","0.0430730492254"
"Robert Bosch Venture Capital","0.00104476150423","0.0282392026578","0.0282392026578","0.38768146255","0.00604665007961","0.0430730492254"
"ACE & Company","0.00104107905294","0.0548172757475","0.0548172757475","0.414627176715","0.000160418740468","0.0430730492254"
"Cowboy Ventures","0.00104036058868","0.063122923588","0.063122923588","0.408592363355","0.000111573739219","0.0430730492254"
"Summit Partners","0.0010353720861","0.0431893687708","0.0431893687708","0.398028257213","0.000614273904169","0.0430730492254"
"Tribeca Venture Partners","0.00101844651849","0.0514950166113","0.0514950166113","0.405468037722","0.000341298386025","0.0430730492254"
"OpenView Venture Partners","0.00101803586348","0.0548172757475","0.0548172757475","0.411765211733","0.000554803835461","0.0430730492254"
"HLM Venture Partners","0.00101495797065","0.0564784053156","0.0564784053156","0.40205213176","0.000201983456715","0.0430730492254"
"Band of Angels","0.00101200649964","0.0581395348837","0.0581395348837","0.416073130252","0.000199031865922","0.0430730492254"
"Evergreen Venture Partners","0.00100958068561","0.0365448504983","0.0365448504983","0.406158196084","0.000100254102488","0.0430730492254"
"VegasTechFund","0.00100506659085","0.0581395348837","0.0581395348837","0.397365429141","0.000158748934128","0.0430730492254"
"Brandon Capital Partners","0.0010001305992","0.00332225913621","0.00332225913621","0.239696574786","0.00295741869863","0.0430730492254"
"Kernel Capital Partners","0.000997067015968","0.00996677740864","0.00996677740864","0.357480060224","2.12617509442e-06","0.0430730492254"
"Juniper Networks","0.000980682864369","0.0548172757475","0.0548172757475","0.408942485346","5.09982361944e-05","0.0430730492254"
"Atlantic Bridge","0.000980010147052","0.0382059800664","0.0382059800664","0.402730700758","0.000206713155248","0.0430730492254"
"Altos Ventures","0.000979771102737","0.0382059800664","0.0382059800664","0.393110280394","0.00025487700138","0.0430730492254"
"Applied Ventures","0.000979728499421","0.0448504983389","0.0448504983389","0.402730700758","0.00105414372777","0.0430730492254"
"Celtic House Venture Partners","0.000974992030776","0.031561461794","0.031561461794","0.401375845583","0.000327675209263","0.0430730492254"
"Parkwalk Advisors Ltd","0.000973187210184","0.00664451827243","0.00664451827243","0.275063908011","0.000815041153637","0.0430730492254"
"Adara Venture Partners","0.000971345537417","0.0232558139535","0.0232558139535","0.388945297798","0.00128476484037","0.0430730492254"
"NewSchools Venture Fund","0.000971069725698","0.0382059800664","0.0382059800664","0.397696566999","0.000817166128803","0.0430730492254"
"K9 Ventures","0.000969193385754","0.046511627907","0.046511627907","0.404094733614","6.55048638119e-05","0.0430730492254"
"Aisling Capital","0.000948450210518","0.0415282392027","0.0415282392027","0.396046373775","0.000251032330189","0.0430730492254"
"White Star Capital","0.000944928080801","0.0514950166113","0.0514950166113","0.409996460824","0.000155490743876","0.0430730492254"
"Easton Capital","0.000943984038944","0.0382059800664","0.0382059800664","0.395717977113","0.000497708958415","0.0430730492254"
"Northstar Ventures","0.000926327224395","0.00664451827243","0.00664451827243","0.289936743863","4.40619130892e-05","0.0430730492254"
"The North West Fund","0.00092129766846","0.00830564784053","0.00830564784053","0.287838287333","0.00225983027961","0.0430730492254"
"Silver Lake Partners","0.000917077745308","0.046511627907","0.046511627907","0.411055883203","9.06288821471e-05","0.0430730492254"
"Reed Elsevier Ventures","0.000915580816009","0.046511627907","0.046511627907","0.39869330025","0.000279164483196","0.0430730492254"
"ARTIS Ventures","0.00090756429032","0.0498338870432","0.0498338870432","0.408592363355","0.000110625776806","0.0430730492254"
"Walden Venture Capital","0.000902728696655","0.0531561461794","0.0531561461794","0.417164231118","0.000121065041918","0.0430730492254"
"Fairhaven Capital Partners","0.000900015330523","0.0498338870432","0.0498338870432","0.412476992566","0.000183641902285","0.0430730492254"
"Kreos Capital","0.000890182447718","0.0299003322259","0.0299003322259","0.386425814088","0.000721594416694","0.0430730492254"
"RTP Ventures","0.000887213780971","0.0548172757475","0.0548172757475","0.412833806573","9.34761658045e-05","0.0430730492254"
"Dawn Capital","0.000874025373346","0.0232558139535","0.0232558139535","0.393434361417","0.00312454533068","0.0430730492254"
"MIG AG","0.000869149188931","0.00332225913621","0.00332225913621","0.270541882312","0.00295741869863","0.0430730492254"
"Slow Ventures","0.000866583699539","0.0365448504983","0.0365448504983","0.401713704039","0.000345855686489","0.0430730492254"
"Golden Venture Partners","0.000861334993964","0.046511627907","0.046511627907","0.397696566999","0.000127939912285","0.0430730492254"
"Vast Ventures","0.000851753415217","0.046511627907","0.046511627907","0.398028257213","0.000108175018343","0.0430730492254"
"Karlin Ventures","0.000839486008402","0.031561461794","0.031561461794","0.38768146255","0.000214249687435","0.0430730492254"
"DBL Investors","0.000836738102524","0.0415282392027","0.0415282392027","0.39969504221","0.000100144486583","0.0430730492254"
"Lakestar","0.000831759914969","0.0498338870432","0.0498338870432","0.412833806573","0.000182306210649","0.0430730492254"
"General Atlantic","0.000819734890103","0.0415282392027","0.0415282392027","0.407893914871","1.78678915913e-05","0.0430730492254"
"Creandum","0.000817990396652","0.0299003322259","0.0299003322259","0.393434361417","6.41822891529e-05","0.0430730492254"
"Verizon Ventures","0.000816538235246","0.0448504983389","0.0448504983389","0.390856576903","0.000112946393689","0.0430730492254"
"PivotNorth Capital","0.000815718757106","0.0382059800664","0.0382059800664","0.393758977227","1.96892595908e-05","0.0430730492254"
"Frazier Technology Ventures","0.000808677392704","0.0448504983389","0.0448504983389","0.407545585311","6.64976500544e-05","0.0430730492254"
"Asset Management Ventures","0.000806995066268","0.0398671096346","0.0398671096346","0.409293207889","0.000264114493493","0.0430730492254"
"Science","0.000797077501261","0.0398671096346","0.0398671096346","0.392463717433","0.000113517038954","0.0430730492254"
"kbs+ Ventures","0.000796251175764","0.0332225913621","0.0332225913621","0.375480629739","1.83184453475e-05","0.0430730492254"
"Enterprise Equity Limited","0.000793613323564","0.014950166113","0.014950166113","0.371389790194","6.47381081077e-05","0.0430730492254"
"MK Capital","0.000791298874215","0.0431893687708","0.0431893687708","0.400030075774","0.000163975600772","0.0430730492254"
"Artiman Ventures","0.000788040107706","0.0348837209302","0.0348837209302","0.397696566999","4.22067552039e-05","0.0430730492254"
"Costanoa Venture Capital","0.000787977943651","0.0398671096346","0.0398671096346","0.398360501168","9.33118952681e-05","0.0430730492254"
"Bee Partners","0.000786976101624","0.0448504983389","0.0448504983389","0.400365671475","0.000121387078455","0.0430730492254"
"Uniseed Pty","0.000782352547302","0.00830564784053","0.00830564784053","0.327322277365","0.00590626131713","0.0430730492254"
"Frog Capital","0.000778651519114","0.00996677740864","0.00996677740864","0.311308467318","0.000154506451839","0.0430730492254"
"HV Holtzbrinck Ventures","0.000778232983836","0.0282392026578","0.0282392026578","0.3886285671","0.000306775069688","0.0430730492254"
"Playfair Capital","0.000775469580691","0.0116279069767","0.0116279069767","0.348856637718","0.00126499710974","0.0430730492254"
"Active Venture Partners","0.000773991121065","0.00498338870432","0.00498338870432","0.3003372438","0.00295935784573","0.0430730492254"
"MVM Life Science Partners","0.000772555433204","0.0249169435216","0.0249169435216","0.380874605266","0.000458222449108","0.0430730492254"
"Covera Ventures","0.000770456004576","0.0365448504983","0.0365448504983","0.399360569371","0.000208856943564","0.0430730492254"
"Bowery Capital","0.00076987168017","0.0415282392027","0.0415282392027","0.40205213176","2.97125185463e-05","0.0430730492254"
"Wellington Financial","0.000766643382067","0.031561461794","0.031561461794","0.392463717433","0.000258963921895","0.0430730492254"
"Ecosystem Ventures","0.00076306283937","0.0415282392027","0.0415282392027","0.400365671475","0.000166714763939","0.0430730492254"
"Origin Ventures","0.000760656476139","0.0182724252492","0.0182724252492","0.36909194153","0.00049119851363","0.0430730492254"
"Starfish Ventures","0.000759632254457","0.0249169435216","0.0249169435216","0.390217400162","0.000333988206291","0.0430730492254"
"Formation 8","0.000738518205714","0.0365448504983","0.0365448504983","0.396046373775","2.45250861992e-05","0.0430730492254"
"Millennium Technology Value Partners","0.000736963079298","0.0382059800664","0.0382059800664","0.40512383735","6.93324486212e-05","0.0430730492254"
"Cultivian Ventures","0.00073401348919","0.0116279069767","0.0116279069767","0.351684510242","0.00299448087978","0.0430730492254"
"Adobe Ventures","0.000731501600148","0.031561461794","0.031561461794","0.387366786038","4.07083246744e-05","0.0430730492254"
"Advantage Capital Partners","0.000730421189183","0.0265780730897","0.0265780730897","0.400030075774","0.000190167226603","0.0430730492254"
"Trestle Ventures","0.000728255752751","0.00498338870432","0.00498338870432","0.289584878883","0.00295741869863","0.0430730492254"
"Amplify Partners","0.000724431658966","0.0348837209302","0.0348837209302","0.400701830729","0.000296474623941","0.0430730492254"
"Acton Capital Partners","0.000723399248755","0.0265780730897","0.0265780730897","0.39969504221","5.94704734787e-05","0.0430730492254"
"Ascension Ventures","0.000722983171854","0.0249169435216","0.0249169435216","0.373716429443","0.000174796811182","0.0430730492254"
"Birchmere Ventures","0.000710923762594","0.0332225913621","0.0332225913621","0.392786732838","0.000284349294515","0.0430730492254"
"SeventySix Captial","0.000700948551511","0.0348837209302","0.0348837209302","0.38958031053","2.17658608618e-05","0.0430730492254"
"Terra Rossa Capital","0.000698478723001","0.00166112956811","0.00166112956811","0.18892948551","0.0","0.0430730492254"
"Scout Ventures","0.000697932113491","0.0299003322259","0.0299003322259","0.368806708191","0.000111838873186","0.0430730492254"
"TA Associates","0.000697686719627","0.0166112956811","0.0166112956811","0.371389790194","0.000888695859109","0.0430730492254"
"Enjoyventure Management","0.000695967620728","0.00664451827243","0.00664451827243","0.326426730779","0.00295741869863","0.0430730492254"
"Idealab","0.000695601359812","0.0398671096346","0.0398671096346","0.404094733614","5.32109964773e-05","0.0430730492254"
"New Markets Venture Partners","0.000686387915601","0.0299003322259","0.0299003322259","0.383321992288","0.000251234691944","0.0430730492254"
"Four Rivers Group","0.000686134943496","0.0332225913621","0.0332225913621","0.394084129148","2.78999588363e-05","0.0430730492254"
"Valar Ventures","0.000685792897885","0.0232558139535","0.0232558139535","0.382094379823","0.00021145659712","0.0430730492254"
"KEC Ventures","0.000685354783379","0.0265780730897","0.0265780730897","0.378758635237","0.00011424269783","0.0430730492254"
"Spectrum Equity","0.000683828335201","0.0348837209302","0.0348837209302","0.404437186779","0.00011836161909","0.0430730492254"
"Yaletown Venture Partners","0.000682287116632","0.0166112956811","0.0166112956811","0.336081605915","7.89457287632e-05","0.0430730492254"
"Illuminate Ventures","0.000673880716018","0.0348837209302","0.0348837209302","0.394736046649","5.49981846341e-05","0.0430730492254"
"Capricorn Investment Group","0.000669823810419","0.0332225913621","0.0332225913621","0.390217400162","2.83650112762e-05","0.0430730492254"
"Finance Wales","0.000669297295006","0.00996677740864","0.00996677740864","0.301856976849","0.000163549955382","0.0430730492254"
"Hyde Park Venture Partners","0.000669235909121","0.0166112956811","0.0166112956811","0.3503934511","0.000512663491004","0.0430730492254"
"Passion Capital","0.000666621671313","0.0232558139535","0.0232558139535","0.385489402584","0.000140957926436","0.0430730492254"
"Catapult Venture Managers","0.000662781704611","0.00498338870432","0.00498338870432","0.279903742169","3.52332898864e-06","0.0430730492254"
"IQ Capital Partners","0.000654765076727","0.0116279069767","0.0116279069767","0.350908735587","0.000461719845019","0.0430730492254"
"Highway 12 Ventures","0.000653341903978","0.0215946843854","0.0215946843854","0.371679034578","2.27478297426e-05","0.0430730492254"
"Deutsche Telekom","0.000648932735177","0.0265780730897","0.0265780730897","0.401713704039","7.81771198156e-05","0.0430730492254"
"Alfred Wieder AG","0.000642811668566","0.00166112956811","0.00166112956811","0.207584115006","0.0","0.0430730492254"
"Ribbit Capital","0.000638820615372","0.0265780730897","0.0265780730897","0.38958031053","9.92678861192e-05","0.0430730492254"
"Version One Ventures","0.000638590140315","0.0299003322259","0.0299003322259","0.380874605266","4.2695804442e-05","0.0430730492254"
"Crosspoint Venture Partners","0.000636792796044","0.0265780730897","0.0265780730897","0.382707201603","6.59126809957e-05","0.0430730492254"
"Edison Ventures","0.00063628672969","0.0265780730897","0.0265780730897","0.386738963046","5.20341010658e-05","0.0430730492254"
"Seven Spires Investment","0.000631802718619","0.00830564784053","0.00830564784053","0.347839562973","0.000404049299259","0.0430730492254"
"Inventus Capital Partners","0.000628298089656","0.0265780730897","0.0265780730897","0.397034842262","1.88941982124e-05","0.0430730492254"
"Cue Ball","0.000626854236028","0.0265780730897","0.0265780730897","0.385801035084","0.000147000432954","0.0430730492254"
"TLcom Capital Partners","0.000616466226847","0.0132890365449","0.0132890365449","0.333498169391","0.000185182373294","0.0430730492254"
"KPCB Holdings","0.000615790725525","0.0265780730897","0.0265780730897","0.389262545187","7.69831365208e-06","0.0430730492254"
"Osage Venture Partners","0.000614191482811","0.0116279069767","0.0116279069767","0.352724227937","0.000162044481613","0.0430730492254"
"Subtraction Capital","0.000611186188296","0.0265780730897","0.0265780730897","0.379360795229","5.21507221521e-05","0.0430730492254"
"NewSpring Capital","0.000601179380233","0.0232558139535","0.0232558139535","0.38424789082","0.000174607849688","0.0430730492254"
"Clarendon Fund Managers","0.000598376120037","0.00830564784053","0.00830564784053","0.343582347299","7.91839756828e-05","0.0430730492254"
"Synergis Technologies","0.00059548574884","0.00332225913621","0.00332225913621","0.21972186022","0.0","0.0430730492254"
"Brooklyn Bridge Ventures","0.000594018253469","0.0249169435216","0.0249169435216","0.38705261995","3.21202822528e-05","0.0430730492254"
"Initialized Capital","0.000590146294731","0.0215946843854","0.0215946843854","0.371968729851","2.7459726595e-05","0.0430730492254"
"Pangaea Ventures","0.000588417824368","0.0249169435216","0.0249169435216","0.380570877511","9.29485636175e-05","0.0430730492254"
"Dace Ventures","0.000584271438055","0.0249169435216","0.0249169435216","0.389898595097","6.65638836946e-05","0.0430730492254"
"TenOneTen Ventures","0.000580654045533","0.0265780730897","0.0265780730897","0.382094379823","3.38502567745e-05","0.0430730492254"
"Kepha Partners","0.000580581650626","0.0232558139535","0.0232558139535","0.387996650731","5.30841758149e-06","0.0430730492254"
"Imlay Investments","0.000579523217389","0.0232558139535","0.0232558139535","0.368806708191","2.84350350549e-05","0.0430730492254"
"Raptor Ventures","0.000577312925289","0.0199335548173","0.0199335548173","0.384557518452","0.000193989084155","0.0430730492254"
"Ysios Capital","0.000573899090588","0.0166112956811","0.0166112956811","0.368237562036","3.88559008652e-05","0.0430730492254"
"Creathor Venture Management","0.000573615581704","0.0116279069767","0.0116279069767","0.372258877066","0.000282860518067","0.0430730492254"
"Fountain Healthcare Partners","0.000573414398208","0.0116279069767","0.0116279069767","0.323989056618","0.000101474736717","0.0430730492254"
"Alven Capital","0.000566683214294","0.014950166113","0.014950166113","0.375480629739","3.92946480778e-05","0.0430730492254"
"SJF Ventures","0.000566605417626","0.00830564784053","0.00830564784053","0.342841868102","0.00049022102419","0.0430730492254"
"Solon Ventures","0.000552135204048","0.00830564784053","0.00830564784053","0.302622625491","6.60748998026e-05","0.0430730492254"
"TechOperators","0.00054188940867","0.0166112956811","0.0166112956811","0.38705261995","9.92946823819e-05","0.0430730492254"
"Rocket Internet","0.000540438140043","0.00830564784053","0.00830564784053","0.317311090691","1.11038273424e-05","0.0430730492254"
"Innovation Capital","0.00053607937911","0.014950166113","0.014950166113","0.323111631956","8.92904624073e-05","0.0430730492254"
"Vanedge Capital","0.000535769894122","0.014950166113","0.014950166113","0.339186837526","8.85649726881e-05","0.0430730492254"
"EMBL Ventures","0.000534193736391","0.00996677740864","0.00996677740864","0.319434993573","0.000127456696008","0.0430730492254"
"Brightspark Ventures","0.00053175830058","0.0182724252492","0.0182724252492","0.364024317619","7.32976821542e-05","0.0430730492254"
"Sigma West","0.000529238435624","0.0166112956811","0.0166112956811","0.379662593794","4.57697618741e-05","0.0430730492254"
"Inventages Venture Capital Investment Inc.","0.000526927560633","0.00996677740864","0.00996677740864","0.31090285368","5.68110699735e-05","0.0430730492254"
"Rogers Ventures","0.000524644164007","0.0199335548173","0.0199335548173","0.380267633784","4.81457068036e-05","0.0430730492254"
"b-to-v Partners AG","0.000524355276873","0.00996677740864","0.00996677740864","0.322456675945","4.79400032134e-05","0.0430730492254"
"TTP Ventures","0.000523794486841","0.0116279069767","0.0116279069767","0.342595750466","5.53314631779e-05","0.0430730492254"
"Fenox Venture Capital","0.000523454733478","0.0215946843854","0.0215946843854","0.372258877066","1.89988355919e-05","0.0430730492254"
"Georgian Partners","0.000520362594001","0.0182724252492","0.0182724252492","0.376072403781","3.63475048321e-05","0.0430730492254"
"Arts Alliance Ventures","0.000519671164482","0.0182724252492","0.0182724252492","0.36909194153","6.21864464949e-05","0.0430730492254"
"Fung Capital USA","0.000517978356979","0.0215946843854","0.0215946843854","0.382707201603","4.77722598015e-05","0.0430730492254"
"Clean Energy Venture Group","0.000516105767014","0.00498338870432","0.00498338870432","0.295685179925","6.88814668831e-05","0.0430730492254"
"CFH","0.000506876090838","0.00498338870432","0.00498338870432","0.310094789083","1.11318054594e-05","0.0430730492254"
"Crescent Capital","0.000498037987756","0.00498338870432","0.00498338870432","0.303585165648","0.0","0.0430730492254"
"California Technology Ventures","0.000497677715101","0.0116279069767","0.0116279069767","0.355086220535","6.14185781595e-05","0.0430730492254"
"Hamilton BioVentures","0.000497516399194","0.0166112956811","0.0166112956811","0.370524751862","3.73956419015e-05","0.0430730492254"
"CM Capital Investments","0.000491587823663","0.0116279069767","0.0116279069767","0.340882771713","5.5604950623e-05","0.0430730492254"
"Prolog Ventures","0.000486992330254","0.0116279069767","0.0116279069767","0.347839562973","6.66274425502e-05","0.0430730492254"
"Plus Capital","0.000485566553304","0.0132890365449","0.0132890365449","0.325536071213","1.67251384735e-05","0.0430730492254"
"Augmentum Capital","0.000485036532189","0.0132890365449","0.0132890365449","0.362641246504","4.02944455003e-05","0.0430730492254"
"Apposite Capital","0.000479969034243","0.014950166113","0.014950166113","0.354032552225","2.01199118757e-05","0.0430730492254"
"ARC Financial","0.000479762388796","0.00166112956811","0.00166112956811","0.218614695556","0.0","0.0430730492254"
"NBGI Ventures","0.000478973877285","0.00664451827243","0.00664451827243","0.305724458936","1.53364239756e-05","0.0430730492254"
"Revolution Ventures","0.000475657927648","0.0166112956811","0.0166112956811","0.371679034578","4.59538525768e-06","0.0430730492254"
"Romulus Capital","0.000473847301204","0.0166112956811","0.0166112956811","0.38117881821","3.53402034507e-05","0.0430730492254"
"Canyon Creek Capital","0.000472293349251","0.00996677740864","0.00996677740864","0.337507694766","7.26055298354e-06","0.0430730492254"
"Chart Venture Partners","0.000470148773427","0.0116279069767","0.0116279069767","0.336081605915","3.08265295743e-05","0.0430730492254"
"Hudson Ventures","0.000462444833013","0.014950166113","0.014950166113","0.364024317619","7.55985024447e-06","0.0430730492254"
"Data Point Capital","0.000457969644684","0.014950166113","0.014950166113","0.36072250975","1.85955530212e-05","0.0430730492254"
"Acacia Capital Partners","0.000456725950276","0.0132890365449","0.0132890365449","0.374009310657","1.1255950907e-05","0.0430730492254"
"Innovacorp","0.000455467334697","0.00664451827243","0.00664451827243","0.328674848759","7.68473319591e-06","0.0430730492254"
"Bloomberg Beta","0.000451122006235","0.0166112956811","0.0166112956811","0.361542333635","7.26045969101e-06","0.0430730492254"
"Coatue Management","0.000444477526622","0.0166112956811","0.0166112956811","0.381483517505","2.45090617742e-07","0.0430730492254"
"3M New Ventures","0.000443956448057","0.00332225913621","0.00332225913621","0.278922197778","1.18800128089e-05","0.0430730492254"
"Ted Meisel","0.000442519292947","0.0166112956811","0.0166112956811","0.378158383834","1.58905237264e-06","0.0430730492254"
"Howzat Partners","0.000439042813277","0.00332225913621","0.00332225913621","0.269320474266","0.0","0.0430730492254"
"Seaya Ventures","0.000437896372882","0.00166112956811","0.00166112956811","0.224687325988","0.0","0.0430730492254"
"InnoCal Venture Capital","0.000437450266452","0.0116279069767","0.0116279069767","0.362365892482","9.07614302632e-06","0.0430730492254"
"Fidelity Growth Partners Europe","0.000437441995161","0.0132890365449","0.0132890365449","0.372549477282","5.62946247398e-06","0.0430730492254"
"Prism VentureWorks","0.000436661568938","0.0132890365449","0.0132890365449","0.345572686748","1.07407164423e-05","0.0430730492254"
"TechnoStart","0.000436497611755","0.00332225913621","0.00332225913621","0.306509878227","0.0","0.0430730492254"
"CAA Ventures","0.000429239509454","0.0116279069767","0.0116279069767","0.349623355603","2.88648456771e-05","0.0430730492254"
"Zouk Capital","0.000428511365681","0.00996677740864","0.00996677740864","0.356146179402","1.30356638598e-05","0.0430730492254"
"Volition Capital","0.000427627624455","0.00996677740864","0.00996677740864","0.336081605915","1.33648431153e-05","0.0430730492254"
"Okapi Venture Capital","0.000425847017193","0.00996677740864","0.00996677740864","0.337746553715","2.67737024425e-05","0.0430730492254"
"OurCrowd","0.000421984600508","0.0116279069767","0.0116279069767","0.36909194153","2.9397932203e-05","0.0430730492254"
"IDG Ventures USA","0.00042142244804","0.0116279069767","0.0116279069767","0.366259309592","3.7093335543e-06","0.0430730492254"
"Peppermint Venture Partners","0.000421316378889","0.00166112956811","0.00166112956811","0.238976404807","0.0","0.0430730492254"
"Sigma Prime Ventures","0.000419000571124","0.0116279069767","0.0116279069767","0.351425537849","4.22716866614e-06","0.0430730492254"
"Golden Gate Ventures","0.000418589428989","0.0132890365449","0.0132890365449","0.37489071516","2.2753328078e-06","0.0430730492254"
"Global Founders Capital","0.000414696031861","0.00830564784053","0.00830564784053","0.315215244649","5.15155152006e-06","0.0430730492254"
"Dumont Venture","0.000413002346871","0.00498338870432","0.00498338870432","0.326873890684","2.61789737528e-05","0.0430730492254"
"Middleland Capital","0.000412087378546","0.00996677740864","0.00996677740864","0.357212485328","3.17973496823e-05","0.0430730492254"
"North Hill Ventures","0.000411241930159","0.00996677740864","0.00996677740864","0.352985118638","6.68706702237e-06","0.0430730492254"
"Credo Ventures","0.000411047881051","0.00996677740864","0.00996677740864","0.355880596867","2.16433246067e-05","0.0430730492254"
"Global Life Science Ventures","0.000411044855364","0.00664451827243","0.00664451827243","0.324429558395","7.91542825727e-06","0.0430730492254"
"Klass Capital","0.000409653294475","0.00830564784053","0.00830564784053","0.322893017861","3.93024509305e-06","0.0430730492254"
"Virgin Green Fund","0.000405365234544","0.0116279069767","0.0116279069767","0.356412158625","9.50167916835e-06","0.0430730492254"
"Clearpoint Ventures","0.000398912744859","0.00498338870432","0.00498338870432","0.317100252757","0.0","0.0430730492254"
"SODENA","0.000398351674306","0.00664451827243","0.00664451827243","0.314384637944","2.13035610057e-06","0.0430730492254"
"Trailblazer Capital","0.000398088018279","0.00332225913621","0.00332225913621","0.277140464808","3.46944679231e-06","0.0430730492254"
"Lumira Capital","0.00039559638099","0.00996677740864","0.00996677740864","0.349111836429","4.83809725668e-06","0.0430730492254"
"Accede Capital","0.000392295289148","0.00498338870432","0.00498338870432","0.34632502206","0.0","0.0430730492254"
"Foresite Capital","0.000390487854939","0.00830564784053","0.00830564784053","0.346073879912","1.33325811575e-05","0.0430730492254"
"The Entrepreneurs' Fund III","0.000390312430426","0.00996677740864","0.00996677740864","0.360995370952","9.1797000593e-06","0.0430730492254"
"Chicago Growth Partners","0.000389525613943","0.00996677740864","0.00996677740864","0.332336964066","1.0329904778e-06","0.0430730492254"
"Strive Capital","0.0003821985196","0.00996677740864","0.00996677740864","0.361542333635","3.98112057854e-06","0.0430730492254"
"Bioventures Investors","0.000379294992571","0.00830564784053","0.00830564784053","0.327771895878","0.0","0.0430730492254"
"TowerBrook Capital Partners","0.000378260543058","0.00830564784053","0.00830564784053","0.336555627926","4.10495562592e-06","0.0430730492254"
"Anthos Capital","0.000373293817987","0.00830564784053","0.00830564784053","0.35065090404","1.05528685356e-06","0.0430730492254"
"Azini Capital Partners","0.000371473131873","0.00498338870432","0.00498338870432","0.34708064029","5.09275104445e-06","0.0430730492254"
"MissionOG","0.000365542061006","0.00332225913621","0.00332225913621","0.307894116386","0.0","0.0430730492254"
"EchoVC Partners","0.000364501769408","0.00664451827243","0.00664451827243","0.336793140719","2.90980962077e-06","0.0430730492254"
"Long Ridge Equity Partners","0.000364090655512","0.00830564784053","0.00830564784053","0.348347357955","0.0","0.0430730492254"
"Vicente Capital Partners","0.000363782666635","0.00498338870432","0.00498338870432","0.291352796336","0.0","0.0430730492254"
"Conduit Ventures","0.000362570604046","0.00166112956811","0.00166112956811","0.257965340756","0.0","0.0430730492254"
"Capnamic Ventures","0.000362570604046","0.00166112956811","0.00166112956811","0.257965340756","0.0","0.0430730492254"
"Tate & Lyle Ventures","0.000362553468537","0.00166112956811","0.00166112956811","0.25223883742","0.0","0.0430730492254"
"European Equity Partners","0.00036200842768","0.00332225913621","0.00332225913621","0.296052034987","0.0","0.0430730492254"
"Genesys Capital","0.000361449370409","0.00664451827243","0.00664451827243","0.327546932326","4.09850525329e-06","0.0430730492254"
"Rough Draft Ventures","0.000360281111179","0.00830564784053","0.00830564784053","0.352463722599","5.4539337736e-07","0.0430730492254"
"Bayview Capital","0.000359968315517","0.00830564784053","0.00830564784053","0.352724227937","0.0","0.0430730492254"
"Avlar BioVentures","0.000358990724217","0.00498338870432","0.00498338870432","0.314799393403","9.95019375238e-07","0.0430730492254"
"Finaves S.C.R.","0.000356649165066","0.00166112956811","0.00166112956811","0.264836781575","0.0","0.0430730492254"
"EVP Capital Management","0.000356452788204","0.00332225913621","0.00332225913621","0.296235804096","0.0","0.0430730492254"
"XPV Capital","0.000355239191676","0.00166112956811","0.00166112956811","0.275858890404","0.0","0.0430730492254"
"Columbia Partners Private Capital","0.000355041624039","0.00664451827243","0.00664451827243","0.322456675945","3.14410420785e-06","0.0430730492254"
"Vista Equity Partners","0.000353892931146","0.00332225913621","0.00332225913621","0.281389080424","2.99914968324e-06","0.0430730492254"
"Fuel Capital","0.00035143746292","0.00664451827243","0.00664451827243","0.359093965687","0.0","0.0430730492254"
"DoubleRock","0.000350550558055","0.00664451827243","0.00664451827243","0.340396491012","0.0","0.0430730492254"
"Drive Capital","0.000347440834732","0.00332225913621","0.00332225913621","0.281223264819","4.23064380827e-06","0.0430730492254"
"Blackbird Ventures (Australia)","0.00033722850872","0.00664451827243","0.00664451827243","0.355086220535","4.1531343945e-07","0.0430730492254"
"Coyote Ridge Ventures","0.000336931151203","0.00498338870432","0.00498338870432","0.323989056618","0.0","0.0430730492254"
"Environmental Technologies Fund","0.000330765720792","0.00332225913621","0.00332225913621","0.297714211103","0.0","0.0430730492254"
"Blume Ventures","0.000327711972162","0.00332225913621","0.00332225913621","0.336318449893","0.0","0.0430730492254"
"Staley Capital Advisors","0.000327616445638","0.00332225913621","0.00332225913621","0.301475603537","0.0","0.0430730492254"
"Amgen Ventures","0.00032433612106","0.00498338870432","0.00498338870432","0.340882771713","0.0","0.0430730492254"
"Augment Investments","0.000324313241226","0.00332225913621","0.00332225913621","0.294590049629","0.0","0.0430730492254"
"Munich Venture Partners","0.000323948889339","0.00498338870432","0.00498338870432","0.339911595726","5.22875741918e-07","0.0430730492254"
"Meridian Venture Partners","0.000322951364164","0.00166112956811","0.00166112956811","0.273018238214","0.0","0.0430730492254"
"Cycle Capital","0.000321272554721","0.00332225913621","0.00332225913621","0.301666169658","0.0","0.0430730492254"
"ESB Novusmodus","0.000319337711514","0.00332225913621","0.00332225913621","0.340882771713","0.0","0.0430730492254"
"Social Venture Fund","0.000318744382125","0.00332225913621","0.00332225913621","0.29531923292","0.0","0.0430730492254"
"Mobility Ventures","0.000314996808216","0.00332225913621","0.00332225913621","0.303585165648","0.0","0.0430730492254"
"Dynamics Venture Capital Fund","0.000311714901554","0.00166112956811","0.00166112956811","0.28457714991","0.0","0.0430730492254"
"Medicis Capital","0.000310205122321","0.00166112956811","0.00166112956811","0.279248613457","0.0","0.0430730492254"
"SeedRocket","0.000309980179921","0.00332225913621","0.00332225913621","0.31090285368","0.0","0.0430730492254"
"Arsenal Venture Partners","0.000307735982531","0.00166112956811","0.00166112956811","0.276658481391","0.0","0.0430730492254"
"Connect Ventures","0.000305694468211","0.00332225913621","0.00332225913621","0.330038644812","0.0","0.0430730492254"
"Covington Funds","0.000305396240754","0.00166112956811","0.00166112956811","0.280397109517","0.0","0.0430730492254"
"Wing VC","0.000305224452586","0.00332225913621","0.00332225913621","0.345072943166","0.0","0.0430730492254"
"Priveq Investment","0.000304127942428","0.00166112956811","0.00166112956811","0.281555091681","0.0","0.0430730492254"
"New Brunswick Innovation Foundation","0.000301499352156","0.00166112956811","0.00166112956811","0.295136598886","0.0","0.0430730492254"
"BEST Funds","0.000301499352156","0.00166112956811","0.00166112956811","0.295136598886","0.0","0.0430730492254"
"Wasabi Ventures","0.000301005818285","0.00166112956811","0.00166112956811","0.289233866908","0.0","0.0430730492254"
"Aurelia Private Equity","0.000298573739955","0.00166112956811","0.00166112956811","0.2984589621","0.0","0.0430730492254"
"Dell Ventures","0.000296026772142","0.00166112956811","0.00166112956811","0.284407556853","0.0","0.0430730492254"
"EC1 Capital Ltd","0.000295133239689","0.00166112956811","0.00166112956811","0.298086121423","0.0","0.0430730492254"
"PALgenesis","0.00029504244342","0.00166112956811","0.00166112956811","0.287838287333","0.0","0.0430730492254"
"Austral Capital","0.000294009007954","0.00166112956811","0.00166112956811","0.29064304531","0.0","0.0430730492254"
"Actis","0.000291229802374","0.00166112956811","0.00166112956811","0.303392168086","0.0","0.0430730492254"
"Neo Technology Ventures","0.000290399117164","0.00166112956811","0.00166112956811","0.309290914063","0.0","0.0430730492254"
"Fir Capital","0.000290343112008","0.00166112956811","0.00166112956811","0.332568557769","0.0","0.0430730492254"
"T2 Venture Capital","0.000289720262912","0.00166112956811","0.00166112956811","0.322238946927","0.0","0.0430730492254"
"Sierra Maya Ventures","0.00028937605218","0.00166112956811","0.00166112956811","0.318582029639","0.0","0.0430730492254"
"Red Sea Venture Partners","0.000289130551682","0.00166112956811","0.00166112956811","0.30552873265","0.0","0.0430730492254"
"Primary Capital","0.000273423259205","0.0","0.0","0.0","0.0","0.0"
"INTEC IT Capital","0.000273423259205","0.0","0.0","0.0","0.0","0.0"
"Palamon Capital Partners","0.000273423259205","0.0","0.0","0.0","0.0","0.0"
"CentreStone Ventures","0.000273423259205","0.0","0.0","0.0","0.0","0.0"
"Imperious Group","0.000273423259205","0.0","0.0","0.0","0.0","0.0"
"Quorum Group","0.000273423259205","0.0","0.0","0.0","0.0","0.0"
"Chrysalix EVC","0.000273423259205","0.0","0.0","0.0","0.0","0.0"
"Burch Creative Capital","0.000273423259205","0.0","0.0","0.0","0.0","0.0"
"Linseed Capital","0.000273423259205","0.0","0.0","0.0","0.0","0.0"
"San Francisco Equity Partners","0.000273423259205","0.0","0.0","0.0","0.0","0.0"
"Silas Capital","0.000273423259205","0.0","0.0","0.0","0.0","0.0"
"Foragen Technologies Management","0.000273423259205","0.0","0.0","0.0","0.0","0.0"
"Serra Ventures","0.000273423259205","0.0","0.0","0.0","0.0","0.0"
"Rivers Capital Partners","0.000273423259205","0.0","0.0","0.0","0.0","0.0"
"Confrapar","0.000273423259205","0.0","0.0","0.0","0.0","0.0"
"Lyceum Capital","0.000273423259205","0.0","0.0","0.0","0.0","0.0"
"NVM Private Equity","0.000273423259205","0.0","0.0","0.0","0.0","0.0"
"Axon Partners Group","0.000273423259205","0.0","0.0","0.0","0.0","0.0"
"Sirius Venture Partners","0.000273423259205","0.0","0.0","0.0","0.0","0.0"
"Leonardo Venture","0.000273423259205","0.0","0.0","0.0","0.0","0.0"
"Bestport Ventures","0.000273423259205","0.0","0.0","0.0","0.0","0.0"
"Matrix Partners India","0.000273423259205","0.0","0.0","0.0","0.0","0.0"
"YJ Capital","0.000273423259205","0.0","0.0","0.0","0.0","0.0"
"Mobeus Equity Partners","0.000273423259205","0.0","0.0","0.0","0.0","0.0"
"Advantage Creative Fund","0.000273423259205","0.0","0.0","0.0","0.0","0.0"
"Formula VC","0.000273423259205","0.0","0.0","0.0","0.0","0.0"
"Adventure Capital","0.000273423259205","0.0","0.0","0.0","0.0","0.0"
"TriStar Technology Ventures","0.000273423259205","0.0","0.0","0.0","0.0","0.0"
"Extremadura Avante","0.000273423259205","0.0","0.0","0.0","0.0","0.0"
"SocialStarts","0.000273423259205","0.0","0.0","0.0","0.0","0.0"
"HgCapital","0.000273423259205","0.0","0.0","0.0","0.0","0.0"
"Earthrise Capital Partners","0.000273423259205","0.0","0.0","0.0","0.0","0.0"
"Cleantech Ventures","0.000273423259205","0.0","0.0","0.0","0.0","0.0"
"Epiphany Ventures","0.000273423259205","0.0","0.0","0.0","0.0","0.0"
"Longbow Capital","0.000273423259205","0.0","0.0","0.0","0.0","0.0"
"India Quotient","0.000273423259205","0.0","0.0","0.0","0.0","0.0"
"AXM Venture Capital Limited","0.000273423259205","0.0","0.0","0.0","0.0","0.0"
"Investor AB","0.000273423259205","0.0","0.0","0.0","0.0","0.0"
"Clave Mayor","0.000273423259205","0.0","0.0","0.0","0.0","0.0"
"Core VC","0.000273423259205","0.0","0.0","0.0","0.0","0.0"
"GENIUS Venture Capital","0.000273423259205","0.0","0.0","0.0","0.0","0.0"
"Seed Capital de Bizkaia","0.000273423259205","0.0","0.0","0.0","0.0","0.0"
"Genwealth Venture Partners","0.000273423259205","0.0","0.0","0.0","0.0","0.0"
"Yuuwa Capital","0.000273423259205","0.0","0.0","0.0","0.0","0.0"
"Gamma Capital Partners","0.000273423259205","0.0","0.0","0.0","0.0","0.0"
"appWorks Ventures","0.000273423259205","0.0","0.0","0.0","0.0","0.0"
"Marlin Equity Partners","0.000273423259205","0.0","0.0","0.0","0.0","0.0"
"Aleph","0.000273423259205","0.0","0.0","0.0","0.0","0.0"
"ECI Partners","0.000273423259205","0.0","0.0","0.0","0.0","0.0"
"Next Wave Partners","0.000273423259205","0.0","0.0","0.0","0.0","0.0"
"Elevate Ventures","0.000273423259205","0.0","0.0","0.0","0.0","0.0"
"NorthEdge Capital","0.000273423259205","0.0","0.0","0.0","0.0","0.0"
"CVC Capital Partners","0.000273423259205","0.0","0.0","0.0","0.0","0.0"
"Shackleton Ventures","0.000273423259205","0.0","0.0","0.0","0.0","0.0"
"Nazca Capital","0.000273423259205","0.0","0.0","0.0","0.0","0.0"
"Synova Capital","0.000273423259205","0.0","0.0","0.0","0.0","0.0"
"Speedinvest","0.000273423259205","0.0","0.0","0.0","0.0","0.0"
"Ariadne Capital","0.000273423259205","0.0","0.0","0.0","0.0","0.0"
"Zukunftsfonds Heilbronn (ZFHN)","0.000273423259205","0.0","0.0","0.0","0.0","0.0"
"Intelligent Venture Capital","0.000273423259205","0.0","0.0","0.0","0.0","0.0"
"Oasis 500","0.000273423259205","0.0","0.0","0.0","0.0","0.0"
"Aquarius Equity Partners","0.000273423259205","0.0","0.0","0.0","0.0","0.0"
"NCT Ventures","0.000273423259205","0.0","0.0","0.0","0.0","0.0"
"e.Bricks Digital","0.000273423259205","0.0","0.0","0.0","0.0","0.0"
